Ref,Tag,Month,Season,CaptureMethod,County,Ecoregion,Stage,Sex,BodyMass_kg,KFI_i,MeanSnow_cm,SoftMast,HardMast,Birds,Veg,Debris,Deer,Moles_Shrews,Rabbits_Hares,Mice_Rats,Squirrels,Opossum,Raccoon,Skunk,Mustelids,Beaver,Canids,Porcupines,Felids
1,436199,Dec,1,Trap,Mercer,3,J,F,3.96,42.64946511,0.74,48.87703963,32.03767862,0,0,0,0,0,0,1,0,0,0,1,0,0,0,0,0
2,445016,Feb,1,Trap,Nicholas,3,J,F,4.65,44.44444444,27.74,48.87703963,32.03767862,0,1,0,0,0,0,1,0,1,0,0,0,0,0,0,0
3,455834,Feb,1,Trap,Raleigh,3,J,F,2.02,18.75,27.74,48.87703963,32.03767862,0,1,0,0,1,0,1,0,0,0,0,0,0,0,0,1
4,458891,Jan,1,Trap,Summers,3,J,F,3.36,33.15202709,3.86,48.87703963,32.03767862,0,1,0,0,0,0,1,1,0,0,0,0,0,0,0,0
5,458892,Jan,1,Trap,Summers,3,J,F,2.64,14.28571429,3.86,48.87703963,32.03767862,0,1,0,0,0,1,1,0,0,0,0,0,0,0,0,0
6,463172,Jan,1,Trap,Nicholas,3,J,F,2.43,22.22222222,3.86,48.87703963,32.03767862,1,0,0,0,0,0,1,0,0,0,0,0,0,0,0,0
7,467585,Feb,1,Trap,Kanawha,3,J,F,2.77,19.03972071,27.74,48.87703963,32.03767862,1,1,0,0,0,0,0,0,0,0,0,0,0,0,0,0
8,566977,Dec,1,Trap,Raleigh,3,J,F,3.16,18.25726141,0.74,48.87703963,32.03767862,0,1,0,0,0,1,0,0,0,0,0,0,0,0,0,0
9,415408,Nov,1,Trap,Preston,4,J,F,3.95,25.82418249,1.5,49.56897929,30.9076027,0,1,1,0,0,0,1,0,0,0,0,0,0,0,0,0
10,415480,Feb,1,Trap,Preston,4,J,F,3.42,29.50904302,13.02,49.56897929,30.9076027,0,1,0,1,0,0,0,0,0,0,0,0,0,0,0,0
11,505203,Nov,1,Trap,Monongalia,4,J,F,3.16,32.45698187,1.5,49.56897929,30.9076027,0,1,0,0,0,0,0,1,0,0,0,0,0,0,0,0
12,592308,Dec,1,Trap,Lewis,4,J,F,4.53,26.75675676,0,49.56897929,30.9076027,0,1,0,1,0,0,0,0,0,0,0,0,0,0,0,0
13,581661,Jan,1,Trap,Ritchie,5,J,F,3.63,37.57847278,5.47,52.10350529,33.51060704,0,0,0,0,0,1,1,0,0,0,0,0,0,0,0,0
14,467502,Dec,1,Trap,Mason,6,J,F,3.52,23.24723247,0,71.82213203,29.375,0,1,0,0,0,0,0,0,0,0,0,0,0,0,0,0
15,478989,Feb,1,Trap,Putnam,6,J,F,4.14,33.08751741,11.03,71.82213203,29.375,0,1,0,0,0,0,1,0,0,0,0,0,0,0,0,0
16,563878,Jan,1,Trap,Mason,6,J,F,5.89,55.81444752,0.75,71.82213203,29.375,0,1,0,0,0,0,0,0,1,0,0,0,0,0,0,0
17,426260,Dec,1,Trap,Hampshire,1,Y,F,6.14,31.03448276,0.57,30.96431115,26.92085981,0,1,0,0,0,0,0,1,0,0,0,0,0,0,0,0
18,498016,Jan,1,Trap,Pendleton,1,Y,F,6.06,45.31535455,7.5,30.96431115,26.92085981,0,1,0,1,1,0,1,0,0,0,0,0,0,0,0,0
19,540270,Dec,1,Trap,Randolph,2,Y,F,5.56,34.26067444,4.42,57.31156973,32.65168655,0,1,0,1,0,0,0,0,0,0,0,0,0,0,0,0
20,433555,Jan,1,Trap,Webster,2,Y,F,4.65,17.54807692,24.18,57.31156973,32.65168655,0,1,0,0,0,0,1,0,0,0,0,0,0,0,0,0
21,455833,Feb,1,Trap,Raleigh,3,Y,F,5.44,31.31863926,27.74,48.87703963,32.03767862,1,1,1,1,0,0,0,0,0,0,0,0,0,0,0,0
22,531308,Nov,1,Trap,Clay,3,Y,F,5.28,17.08589895,1.8,48.87703963,32.03767862,0,0,0,0,0,0,0,0,1,0,0,0,0,0,0,0
23,551671,Jan,1,Trap,Fayette,3,Y,F,6.46,28.36680393,3.86,48.87703963,32.03767862,0,1,0,0,1,0,0,1,0,0,0,0,0,0,0,0
24,562285,Nov,1,Gun,Raleigh,3,Y,F,5.49,15.03470512,1.8,48.87703963,32.03767862,0,0,0,0,0,1,0,1,0,0,0,0,0,0,0,0
25,499480,Jan,1,Trap,Barbour,4,Y,F,6.42,33.72210138,7.43,49.56897929,30.9076027,0,1,1,0,0,1,0,0,0,0,0,0,0,0,0,0
26,549718,Nov,1,Trap,Braxton,4,Y,F,5.41,26.79483611,1.5,49.56897929,30.9076027,0,0,0,1,0,0,0,0,0,0,0,0,0,0,0,0
27,503753,Jan,1,Trap,Wetzel,5,Y,F,6.22,42.08860759,5.47,52.10350529,33.51060704,0,1,0,1,0,0,0,0,0,0,0,0,0,0,0,0
28,593254,Nov,1,Trap,Gilmer,5,Y,F,6.2,23.62088868,0.48,52.10350529,33.51060704,0,1,0,0,0,1,0,0,0,0,0,0,0,0,0,0
29,463168,Dec,1,Trap,Lincoln,6,Y,F,5.43,36.02023551,0,71.82213203,29.375,0,1,0,0,1,0,1,0,0,0,0,0,0,0,0,0
30,465000,Dec,1,Trap,Lincoln,6,Y,F,5.08,15.84821429,0,71.82213203,29.375,0,1,0,0,0,1,0,0,0,0,0,0,0,0,0,0
31,465049,Nov,1,Trap,Lincoln,6,Y,F,6.7,22.15492012,0.33,71.82213203,29.375,0,0,0,0,0,1,0,0,0,0,0,0,0,0,0,0
32,497298,Dec,1,Trap,Mineral,1,A,F,6.52,45.47677262,0.57,30.96431115,26.92085981,0,0,0,0,0,0,1,0,0,0,0,0,0,0,0,0
33,433556,Jan,1,Trap,Webster,2,A,F,4.4,38.17504655,24.18,57.31156973,32.65168655,1,1,0,0,0,0,0,0,0,0,0,0,0,0,0,1
34,555403,Jan,1,Trap,Raleigh,3,A,F,5.41,20.85265593,3.86,48.87703963,32.03767862,1,0,0,0,0,0,0,0,0,0,1,0,0,0,0,0
35,565679,Jan,1,Trap,Logan,3,A,F,4.81,14.8241206,3.86,48.87703963,32.03767862,0,1,0,0,0,0,1,0,0,0,0,0,0,0,0,0
36,Fayette Co.,NA,1,NA,Fayette,3,A,F,6.41,32.29927007,NA,48.87703963,32.03767862,0,1,0,0,0,0,1,0,0,1,0,0,0,0,0,0
37,500070,Jan,1,Trap,Marion,4,A,F,6.11,23.183391,7.43,49.56897929,30.9076027,0,1,0,0,0,1,0,0,0,0,0,0,0,0,0,0
38,505685,Dec,1,Trap,Monongalia,4,A,F,6.16,31.043099,0,49.56897929,30.9076027,0,1,0,0,0,0,0,0,1,0,0,0,0,0,0,0
39,539405,Dec,1,Trap,Lewis,4,A,F,5.61,29.00093492,0,49.56897929,30.9076027,0,1,0,0,0,1,0,0,0,0,0,0,0,0,0,0
40,540001,Dec,1,Trap,Lewis,4,A,F,6.93,33.63518758,0,49.56897929,30.9076027,0,0,0,0,0,1,0,0,0,0,0,0,0,0,0,0
41,549668,Jan,1,Trap,Braxton,4,A,F,5.18,14.59854015,7.43,49.56897929,30.9076027,0,1,0,1,0,1,0,0,0,0,0,0,0,0,0,0
42,484920,Jan,1,Trap,Gilmer,5,A,F,6.28,24.27169478,5.47,52.10350529,33.51060704,0,1,0,0,0,0,0,0,0,0,0,0,0,0,0,0
43,492064,Dec,1,Gun,Wirt,5,A,F,6.46,38.29226941,0,52.10350529,33.51060704,0,1,0,0,0,1,0,0,0,0,0,0,0,0,0,0
44,493534,Feb,1,Trap,Ritchie,5,A,F,5.16,10.85858586,12.61,52.10350529,33.51060704,1,1,0,0,0,0,0,0,0,0,0,0,0,0,0,0
45,503305,Nov,1,Gun,Wetzel,5,A,F,5.04,21.91732401,0.48,52.10350529,33.51060704,0,1,0,1,0,0,1,0,0,0,0,0,0,0,0,0
46,581658,Dec,1,Trap,Ritchie,5,A,F,7.72,27.24998034,0,52.10350529,33.51060704,0,1,0,1,0,0,0,0,0,0,0,0,0,0,0,0
47,588430,Nov,1,Trap,Tyler,5,A,F,5.99,55.2482615,0.48,52.10350529,33.51060704,0,1,0,0,0,0,0,0,0,0,1,0,0,0,0,0
48,588841,Dec,1,Trap,Wood,5,A,F,6.41,19.5934831,0,52.10350529,33.51060704,0,1,0,0,0,1,1,0,0,0,0,0,0,0,0,0
49,593177,Jan,1,Trap,Ritchie,5,A,F,6.16,40.18854225,5.47,52.10350529,33.51060704,0,1,0,0,0,0,0,0,1,0,0,0,0,0,0,0
50,466847,Dec,1,Trap,Lincoln,6,A,F,5.03,30.7549347,0,71.82213203,29.375,0,1,0,1,1,1,0,0,0,0,0,0,0,0,0,0
51,496762,Feb,1,Trap,Grant,1,A,F,6.1,20.1863354,11.82,30.96431115,26.92085981,0,1,0,0,0,1,0,0,1,0,0,0,0,0,0,0
52,542811,Jan,1,Trap,Randolph,2,A,F,6.15,62.29950244,24.18,57.31156973,32.65168655,0,0,0,1,0,0,0,0,0,1,0,0,0,0,0,0
53,435891,Nov,1,Trap,Nicholas,3,A,F,5.52,14.75765863,1.8,48.87703963,32.03767862,0,1,0,0,0,0,0,1,0,0,0,0,0,0,0,0
54,437153,Jan,1,Trap,Mercer,3,A,F,4.62,17.91767554,3.86,48.87703963,32.03767862,0,1,0,0,0,1,0,0,0,0,0,0,0,0,0,0
55,467279,Dec,1,Gun,Kanawha,3,A,F,4.94,31.49595796,0.74,48.87703963,32.03767862,0,1,0,1,0,0,0,0,0,0,0,0,0,0,0,0
56,554537,Jan,1,Trap,Summers,3,A,F,6.83,24.01500938,3.86,48.87703963,32.03767862,0,1,0,1,0,0,0,0,0,0,0,0,0,0,0,0
57,566965,Feb,1,Trap,Raleigh,3,A,F,4.21,17.88342751,27.74,48.87703963,32.03767862,0,1,0,0,0,0,0,0,0,0,0,0,0,0,0,0
58,Crum016,Dec,1,Trap,Logan,3,A,F,4.71,23.07692308,0.74,48.87703963,32.03767862,0,1,0,0,0,0,1,0,0,0,0,0,0,0,0,0
59,417275,Jan,1,Trap,Harrison,4,A,F,5.15,57.51920966,7.43,49.56897929,30.9076027,0,1,0,0,0,0,1,0,0,0,0,0,0,0,0,0
60,418626,Jan,1,Trap,Preston,4,A,F,6.39,51.72031077,7.43,49.56897929,30.9076027,0,1,0,0,0,0,1,0,0,0,0,0,0,0,0,0
61,497345,Jan,1,Trap,Mineral,1,A,F,5.6,20.85121823,7.5,30.96431115,26.92085981,0,1,0,0,0,0,1,1,0,0,0,0,0,0,0,0
62,529801,Jan,1,Trap,Webster,2,A,F,7.05,57.49549443,24.18,57.31156973,32.65168655,0,1,0,0,0,0,1,0,1,0,1,0,0,0,0,0
63,438128,Nov,1,Trap,McDowell,3,A,F,5.89,31.63841808,1.8,48.87703963,32.03767862,0,1,0,0,0,1,0,0,0,0,1,1,0,0,0,0
64,445012,Jan,1,Trap,Nicholas,3,A,F,5.91,37.11484594,3.86,48.87703963,32.03767862,0,1,0,0,0,1,0,0,0,0,0,0,0,0,0,0
65,553911,Jan,1,Trap,Nicholas,3,A,F,5.11,27.30560579,3.86,48.87703963,32.03767862,0,1,0,0,0,1,0,0,0,0,0,0,0,0,0,0
66,487751,Dec,1,Gun,Gilmer,5,A,F,6.91,38.63586117,0,52.10350529,33.51060704,0,0,0,1,0,0,0,0,0,0,0,1,0,0,0,0
67,584306,Nov,1,Trap,Roane,6,A,F,5.54,37.98661176,0.33,71.82213203,29.375,0,1,0,1,0,0,0,0,0,0,0,0,0,0,0,0
68,419711,Jan,1,Gun,Hampshire,1,A,F,6.65,34.01215791,7.5,30.96431115,26.92085981,0,0,0,0,0,1,0,0,0,0,0,0,0,0,0,0
69,434529,Nov,1,Trap,Pocahontas,2,A,F,6.6,44.63624033,17.7,57.31156973,32.65168655,1,1,1,1,1,0,0,0,0,0,0,0,0,0,0,0
70,468985,Jan,1,Trap,Clay,3,A,F,6.05,30.01281214,3.86,48.87703963,32.03767862,0,1,0,0,0,0,1,0,0,0,0,0,0,0,0,0
71,555402,Jan,1,Trap,Raleigh,3,A,F,5.67,34.24829018,3.86,48.87703963,32.03767862,0,1,0,0,1,0,0,0,0,0,0,0,0,0,0,0
72,581663,Jan,1,Trap,Ritchie,5,A,F,6.68,39.91472313,5.47,52.10350529,33.51060704,0,1,1,1,0,0,1,0,0,0,0,0,0,0,0,0
73,503429,Jan,1,Trap,Wetzel,5,A,F,6.49,46.26865672,5.47,52.10350529,33.51060704,0,0,0,1,0,0,0,0,0,0,0,0,0,0,0,0
74,484919,Jan,1,Trap,Gilmer,5,A,F,5.18,38.60759494,5.47,52.10350529,33.51060704,0,1,0,0,0,0,0,1,0,0,1,0,0,0,0,0
75,559166,Nov,1,Trap,Greenbrier,2,A,F,5.86,35.44117647,17.7,57.31156973,32.65168655,0,1,0,0,0,1,1,0,0,0,0,0,0,0,0,0
76,486589,Feb,1,Trap,Roane,6,A,F,6,31.74603175,11.03,71.82213203,29.375,0,1,0,0,0,1,0,0,0,0,0,0,0,0,0,0
77,583729,Nov,1,Trap,Ritchie,5,A,F,7.19,37.29319325,0.48,52.10350529,33.51060704,0,1,0,0,0,0,0,0,0,0,0,0,1,0,0,0
78,540271,Dec,1,Trap,Randolph,2,A,F,6.38,51.69230769,4.42,57.31156973,32.65168655,0,1,0,1,0,0,0,0,0,0,0,0,0,0,0,0
79,498018,Feb,1,Trap,Pendleton,1,J,M,6.41,39.41605839,11.82,30.96431115,26.92085981,0,1,0,0,0,0,0,1,0,0,0,0,0,0,0,0
80,436198,Dec,1,Trap,Mercer,3,J,M,4.62,22.33502538,0.74,48.87703963,32.03767862,0,1,0,0,0,0,0,0,0,0,1,1,0,0,0,0
81,444903,Nov,1,Gun,Nicholas,3,J,M,4.18,31.10749769,1.8,48.87703963,32.03767862,0,1,0,1,0,0,0,0,0,0,0,0,0,0,0,0
82,553035,Nov,1,Trap,Summers,3,J,M,3.7,23.73524578,1.8,48.87703963,32.03767862,0,1,0,0,0,0,0,0,0,1,1,0,0,1,0,0
83,562101,Dec,1,Trap,Raleigh,3,J,M,3.5,43.41741106,0.74,48.87703963,32.03767862,0,1,0,0,0,0,1,0,1,0,0,0,0,0,0,0
84,567463,Dec,1,Trap,Logan,3,J,M,4.9,33.10961969,0.74,48.87703963,32.03767862,0,1,0,1,0,0,1,0,0,0,0,0,0,0,0,0
85,401591,Dec,1,Gun,Preston,4,J,M,5.05,28.84155635,0,49.56897929,30.9076027,0,1,0,0,0,0,1,0,0,0,0,0,0,0,0,0
86,413387,Jan,1,Trap,Marion,4,J,M,5.36,40.60150376,7.43,49.56897929,30.9076027,0,0,0,0,0,0,1,0,0,0,0,0,0,0,0,1
87,418722,Jan,1,Trap,Preston,4,J,M,3.82,39.50276243,7.43,49.56897929,30.9076027,1,1,0,0,0,0,1,1,1,0,0,0,0,0,0,1
88,500840,Nov,1,Gun,Marion,4,J,M,2.64,16.46885447,1.5,49.56897929,30.9076027,0,0,0,0,0,0,0,1,0,0,0,0,0,0,0,0
89,502442,Jan,1,Gun,Preston,4,J,M,6.2,50.87872655,7.43,49.56897929,30.9076027,0,0,0,0,0,0,0,0,1,0,0,0,0,0,0,0
90,503664,Dec,1,Trap,Tyler,5,J,M,5.64,48.05000427,0,52.10350529,33.51060704,0,1,0,1,0,0,0,0,0,0,0,0,0,0,0,0
91,591179,Dec,1,Trap,Wirt,5,J,M,5.2,34.96507594,0,52.10350529,33.51060704,0,1,0,0,0,0,1,0,0,0,0,0,0,0,0,0
92,467503,Dec,1,Trap,Mason,6,J,M,3.9,20.42682927,0,71.82213203,29.375,0,1,0,0,0,0,0,1,0,0,0,0,0,0,0,0
93,478987,Jan,1,Trap,Lincoln,6,J,M,5.38,34.02386755,0.75,71.82213203,29.375,1,1,0,0,0,0,0,1,0,0,0,0,0,0,0,0
94,H86581,Dec,1,Gun,Roane,6,J,M,5.01,40.06037763,0,71.82213203,29.375,0,0,0,1,0,0,0,0,1,0,0,0,0,0,0,0
95,530734,Jan,1,Trap,Nicholas,3,Y,M,3.41,28.75,3.86,48.87703963,32.03767862,1,1,1,0,0,0,0,1,0,0,0,0,0,0,0,0
96,540274,Jan,1,Trap,Randolph,2,Y,M,7.18,38.10482854,24.18,57.31156973,32.65168655,1,1,0,1,0,1,0,0,0,0,0,0,0,0,0,0
97,465216,Dec,1,Trap,Kanawha,3,Y,M,6.38,35.37117904,0.74,48.87703963,32.03767862,1,1,0,0,0,0,0,1,0,0,0,0,0,0,0,0
98,479507,Feb,1,Trap,Putnam,6,Y,M,9.39,36.63221829,11.03,71.82213203,29.375,1,1,0,0,0,0,0,0,1,0,0,0,0,0,0,0
99,549664,Nov,1,Trap,Summers,3,Y,M,9.07,35.81168269,1.8,48.87703963,32.03767862,0,1,0,1,0,0,0,0,1,0,0,0,0,0,0,0
100,558775,Dec,1,Trap,Raleigh,3,Y,M,9.87,46.04992892,0.74,48.87703963,32.03767862,0,1,0,0,0,0,0,0,0,1,0,0,1,0,0,0
101,560601,Jan,1,Trap,Fayette,3,Y,M,6.48,17.74807461,3.86,48.87703963,32.03767862,0,1,0,0,1,0,0,0,0,0,0,1,0,0,0,0
102,495140,Nov,1,Trap,Wood,5,Y,M,8.12,16.86340641,0.48,52.10350529,33.51060704,0,0,0,0,0,0,0,0,0,1,0,0,0,0,0,0
103,502812,Nov,1,Trap,Marshall,5,Y,M,6.2,22.17935488,0.48,52.10350529,33.51060704,0,1,0,0,0,0,0,0,0,0,1,0,0,0,0,0
104,503304,Nov,1,Trap,Wetzel,5,Y,M,8.38,25.03430799,0.48,52.10350529,33.51060704,0,1,1,0,0,0,0,0,0,1,0,0,0,0,0,1
105,503306,Dec,1,Trap,Wetzel,5,Y,M,9.18,47.76591954,0,52.10350529,33.51060704,0,1,0,0,0,0,0,0,1,0,0,0,0,0,0,0
106,503757,Jan,1,Trap,Wetzel,5,Y,M,9.94,35.59498956,5.47,52.10350529,33.51060704,1,0,0,1,0,0,0,0,0,0,0,0,0,0,0,0
107,581659,Dec,1,Trap,Ritchie,5,Y,M,8.73,28.23570196,0,52.10350529,33.51060704,0,1,0,0,1,0,0,0,0,0,0,0,0,0,0,0
108,473926,Jan,1,Trap,Putnam,6,Y,M,7.77,33.93161406,0.75,71.82213203,29.375,0,1,1,0,0,0,0,0,1,0,0,0,0,0,0,0
109,422696,Nov,1,Trap,Hampshire,1,A,M,8.91,33.52645848,3.09,30.96431115,26.92085981,0,1,0,0,0,0,0,1,0,0,0,0,0,0,0,1
110,425996,Feb,1,Trap,Grant,1,A,M,10.96,41.21154672,11.82,30.96431115,26.92085981,0,0,0,1,0,0,0,0,0,0,0,0,0,0,0,0
111,497850,Feb,1,Trap,Pendleton,1,A,M,11.33,52.00267023,11.82,30.96431115,26.92085981,0,1,0,1,0,0,0,0,0,0,0,0,0,0,0,0
112,498329,Jan,1,Trap,Hampshire,1,A,M,12.03,42.08346278,7.5,30.96431115,26.92085981,0,1,0,0,0,1,0,0,0,0,0,0,0,0,0,0
113,440767,Nov,1,Trap,Pocahontas,2,A,M,6.18,9.560077661,17.7,57.31156973,32.65168655,0,0,0,0,0,0,1,0,0,0,0,0,0,0,0,0
114,498187,Dec,1,Trap,Randolph,2,A,M,11.83,34.22457671,4.42,57.31156973,32.65168655,0,0,0,1,0,0,0,0,0,0,0,0,0,0,0,0
115,458893,Feb,1,Trap,Summers,3,A,M,5.57,16.96795851,27.74,48.87703963,32.03767862,1,1,0,0,0,0,1,0,0,0,0,0,0,0,0,0
116,467343,Jan,1,Trap,Kanawha,3,A,M,8.99,27.8956592,3.86,48.87703963,32.03767862,0,0,0,0,0,1,0,0,0,0,0,0,0,0,0,0
117,555405,Jan,1,Trap,Mercer,3,A,M,9.56,47.24691498,3.86,48.87703963,32.03767862,0,0,0,0,0,0,0,1,0,0,0,0,0,0,0,0
118,557838,Dec,1,Trap,Fayette,3,A,M,7.64,39.08096839,0.74,48.87703963,32.03767862,0,1,1,0,0,0,0,0,1,0,1,0,0,0,0,0
119,407300,Dec,1,Trap,Barbour,4,A,M,9,31.33757127,0,49.56897929,30.9076027,1,1,0,1,0,0,0,0,0,0,0,0,0,0,0,0
120,487752,Feb,1,Trap,Braxton,4,A,M,8.86,31.47953418,13.02,49.56897929,30.9076027,0,1,0,0,0,0,0,0,0,0,0,0,0,0,0,0
121,505206,Nov,1,Trap,Monongalia,4,A,M,10.95,29.79656443,1.5,49.56897929,30.9076027,0,1,0,0,1,0,0,0,0,0,0,0,0,0,0,0
122,491757,Dec,1,Trap,Ritchie,5,A,M,9.21,39.20667949,0,52.10350529,33.51060704,0,0,0,1,0,0,0,0,0,0,0,0,0,0,0,0
123,493526,Jan,1,Trap,Ritchie,5,A,M,6.93,29.22201139,5.47,52.10350529,33.51060704,0,1,0,0,1,1,0,0,0,0,0,0,1,1,0,0
124,GB Co #2,NA,1,NA,Greenbrier,2,A,M,8.59,34.40266045,NA,57.31156973,32.65168655,0,1,0,1,0,0,0,0,0,0,0,0,0,0,0,0
125,445013,Jan,1,Trap,Nicholas,3,A,M,9.62,38.88888889,3.86,48.87703963,32.03767862,0,1,0,0,0,1,1,0,1,1,0,0,0,0,0,0
126,567938,Dec,1,Trap,Logan,3,A,M,8.11,33.24842913,0.74,48.87703963,32.03767862,0,1,0,1,0,0,0,0,0,0,0,0,0,0,0,0
127,539407,Jan,1,Trap,Lewis,4,A,M,9.49,34.69387755,7.43,49.56897929,30.9076027,0,1,0,1,0,0,1,0,0,0,0,0,0,0,0,0
128,503428,Jan,1,Trap,Wetzel,5,A,M,10.11,32.42736645,5.47,52.10350529,33.51060704,0,1,1,1,0,0,0,0,0,0,0,0,0,0,0,0
129,503584,Dec,1,Trap,Wetzel,5,A,M,6.95,38.03596127,0,52.10350529,33.51060704,0,1,0,0,0,0,1,0,0,0,0,0,0,0,0,0
130,Crum021,Nov,1,Trap,Mason,6,A,M,9.6,25.04197926,0.33,71.82213203,29.375,0,1,1,0,0,0,1,0,0,0,0,0,0,0,0,0
131,433552,Jan,1,Trap,Webster,2,A,M,8.85,25.76177285,24.18,57.31156973,32.65168655,0,1,0,0,0,1,1,0,0,0,0,0,0,0,0,0
132,437151,Dec,1,Trap,Mercer,3,A,M,8.69,27.99840602,0.74,48.87703963,32.03767862,0,1,1,1,0,0,1,0,0,0,0,0,0,0,0,0
133,438127,Nov,1,Trap,McDowell,3,A,M,8.38,30.42944983,1.8,48.87703963,32.03767862,0,1,0,0,0,0,0,0,1,0,0,0,0,0,0,0
134,562298,Feb,1,Trap,Raleigh,3,A,M,9.46,24.66422466,27.74,48.87703963,32.03767862,0,1,0,0,0,1,0,0,0,0,0,0,0,0,0,0
135,565681,Feb,1,Trap,Logan,3,A,M,7.32,22.60205302,27.74,48.87703963,32.03767862,0,1,0,0,0,0,0,0,0,0,1,0,0,0,1,0
136,486669,Nov,1,Trap,Wirt,5,A,M,11.04,40.14041475,0.48,52.10350529,33.51060704,0,1,0,1,0,0,0,0,0,0,0,0,0,0,0,0
137,473927,Jan,1,Trap,Putnam,6,A,M,8.04,28.70879121,0.75,71.82213203,29.375,0,1,1,1,0,0,0,0,0,0,0,0,0,0,0,0
138,584313,Dec,1,Trap,Roane,6,A,M,8.7,31.47128028,0,71.82213203,29.375,1,0,0,0,0,0,0,0,0,0,0,0,0,0,0,0
139,433553,Jan,1,Trap,Webster,2,A,M,8.04,24.59312839,24.18,57.31156973,32.65168655,0,0,0,1,1,0,0,0,0,0,0,0,0,0,0,0
140,439846,Jan,1,Trap,Pocahontas,2,A,M,10.39,31.33274492,24.18,57.31156973,32.65168655,0,1,0,0,0,0,0,1,1,0,0,0,0,0,0,0
141,561352,Nov,1,Trap,Greenbrier,2,A,M,9.81,29.84682339,17.7,57.31156973,32.65168655,0,1,0,0,0,0,0,0,1,0,1,0,0,0,0,0
142,467284,Jan,1,Trap,Kanawha,3,A,M,9.29,31.09243697,3.86,48.87703963,32.03767862,0,1,0,0,0,0,0,0,1,0,0,0,0,0,0,0
143,566478,Dec,1,Trap,Logan,3,A,M,7.77,33.32733471,0.74,48.87703963,32.03767862,0,1,0,1,0,0,0,0,0,0,0,0,0,0,0,0
144,405012,Nov,1,Trap,Marshall,5,A,M,9.92,34.74854853,0.48,52.10350529,33.51060704,0,1,0,1,0,0,0,0,0,0,0,0,0,0,0,0
145,588582,Nov,1,Trap,Tyler,5,A,M,8.08,18.29597525,0.48,52.10350529,33.51060704,0,0,0,0,0,1,0,1,0,0,0,0,0,0,0,0
146,432665,Feb,1,Trap,Webster,2,A,M,7.97,21.5661104,58.47,57.31156973,32.65168655,0,1,0,0,0,0,1,0,0,0,0,0,0,0,0,1
147,562283,Nov,1,Trap,Raleigh,3,A,M,7.48,28.88194221,1.8,48.87703963,32.03767862,0,1,0,1,0,0,0,0,0,0,0,0,0,0,0,0
148,486588,Feb,1,Trap,Roane County,6,A,M,10.19,23.74350087,11.03,71.82213203,29.375,0,0,0,0,0,0,0,0,1,0,0,0,0,0,0,0
149,590979,Jan,1,Gun,Jackson,6,A,M,10.57,38.12056738,0.75,71.82213203,29.375,0,1,0,1,0,0,0,0,0,0,0,0,0,0,0,0
150,542812,Jan,1,Trap,Randolph,2,A,M,9.72,49.80047885,24.18,57.31156973,32.65168655,0,0,0,0,0,0,0,0,1,0,1,0,0,0,0,0
151,N3525100360002,Dec,2,Trap,Pendleton,1,J,F,3.12,28.88888889,0.3,38.17321593,36.23677448,0,1,0,0,0,0,0,1,0,0,0,0,0,0,0,0
152,N3635200360007,Dec,2,Trap,Pendleton,1,J,F,4.33,35.71428571,0.3,38.17321593,36.23677448,0,1,0,1,0,0,1,0,0,0,0,0,0,0,0,0
153,NO425200380001,Feb,2,Trap,Pocahontas,2,J,F,4.26,49.88913525,33.47,46.332711,29.78031773,0,1,0,0,0,0,0,1,1,0,0,0,0,0,0,0
154,N3465200420028,Dec,2,Trap,Randolph,2,J,F,3.79,33.33333333,1.76,46.332711,29.78031773,1,1,0,0,0,0,0,0,0,0,1,0,0,0,0,0
155,NO425200200001,Feb,2,Trap,Kanawha,3,J,F,4.25,26.15384615,13.44,44.89413575,34.81482903,1,1,0,0,0,1,0,1,0,0,0,0,0,0,0,0
156,NO445200200001,Feb,2,Trap,Kanawha,3,J,F,4.45,29.33673469,13.44,44.89413575,34.81482903,0,1,0,0,0,0,1,0,1,1,0,0,0,0,0,0
157,NO475200100001,Feb,2,Trap,Fayette,3,J,F,3.86,28.08641975,13.44,44.89413575,34.81482903,0,1,1,0,0,0,1,0,0,0,0,0,0,0,0,0
158,NO495200200001,Feb,2,Gun,Kanawha,3,J,F,3.75,17.69230769,13.44,44.89413575,34.81482903,0,0,0,0,0,1,1,0,0,0,0,0,0,0,0,0
159,N3185200340011,Nov,2,Gun,Nicholas,3,J,F,3.69,20.45454545,0.01,44.89413575,34.81482903,0,0,0,0,0,0,1,1,0,0,0,0,0,0,0,0
160,N3525200230004,Dec,2,Trap,Logan,3,J,F,2.54,32.30088496,0.25,44.89413575,34.81482903,0,1,0,0,0,0,1,1,1,0,1,0,0,0,0,0
161,N3605200030013,Dec,2,Trap,Boone,3,J,F,3.98,31.43712575,0.25,44.89413575,34.81482903,0,1,0,0,0,0,0,1,0,0,0,0,0,0,0,0
162,NO435200210001,Feb,2,Trap,Lewis,4,J,F,4.31,24.04092072,7.51,50.04365905,30.94746263,0,1,1,0,0,1,0,0,0,0,1,0,0,0,0,0
163,N3555200390001,Dec,2,Trap,Preston,4,J,F,4.8,35.25498891,0.21,50.04365905,30.94746263,0,1,1,0,0,0,1,0,0,0,0,0,0,0,0,0
164,NO565200430001,Feb,2,Trap,Ritchie,5,J,F,3.46,33.67346939,7.02,44.34681158,43.70276218,0,1,0,0,0,0,1,0,0,0,0,0,0,0,0,0
165,N3165200090002,Nov,2,Gun,Doddridge,5,J,F,2.76,15.70881226,0,44.34681158,43.70276218,0,1,0,0,0,0,0,1,0,0,0,0,0,0,0,0
166,NOO85200160001,Jan,2,Trap,Hardy,1,Y,F,6.39,31.34328358,26.19,38.17321593,36.23677448,0,1,0,0,0,0,1,0,0,0,0,0,0,0,0,0
167,NO105200160001,Jan,2,Trap,Hardy,1,Y,F,5.99,47.68392371,26.19,38.17321593,36.23677448,0,1,0,0,0,0,1,0,1,0,0,0,0,0,0,0
168,N3405200160002,Dec,2,Trap,Hardy,1,Y,F,6.23,34.02061856,0.3,38.17321593,36.23677448,1,1,0,0,0,0,1,0,0,0,0,0,0,0,0,0
169,NO495200420001,Feb,2,Trap,Randolph,2,Y,F,5.38,25.15463918,33.47,46.332711,29.78031773,0,1,0,0,0,0,1,0,0,0,0,0,0,0,0,0
170,N3505200420002,Dec,2,Trap,Randolph,2,Y,F,6.45,40.36061026,1.76,46.332711,29.78031773,0,1,0,1,0,0,0,0,0,0,0,0,0,0,0,0
171,NOO75200200001,Jan,2,Trap,Kanawha,3,Y,F,5.41,24.53874539,23.36,44.89413575,34.81482903,0,1,0,0,0,1,0,0,0,0,0,0,0,0,0,0
172,NOO85200200002,Jan,2,Trap,Kanawha,3,Y,F,5.01,19.66873706,23.36,44.89413575,34.81482903,0,1,1,0,0,0,1,0,0,0,0,0,0,0,0,0
173,NO525200230001,Feb,2,Trap,Logan,3,Y,F,4.97,23.6503856,13.44,44.89413575,34.81482903,0,1,0,0,0,0,0,1,0,1,0,0,0,0,0,0
174,NO585200340002,Feb,2,Trap,Nicholas,3,Y,F,4.65,43.03278689,13.44,44.89413575,34.81482903,1,1,0,0,0,0,0,0,0,0,0,0,0,0,0,0
175,NO595200410002,Feb,2,Trap,Raleigh,3,Y,F,5.06,36.51376147,13.44,44.89413575,34.81482903,0,1,0,1,0,0,1,0,0,0,0,0,0,0,0,0
176,NO225200010001,Jan,2,Trap,Barbour,4,Y,F,6.35,26.49434572,20.32,50.04365905,30.94746263,0,0,0,1,0,0,0,0,0,0,0,0,0,0,0,0
177,N3135200310008,Nov,2,Trap,Monongalia,4,Y,F,5.19,21.47368421,0,50.04365905,30.94746263,0,1,0,0,0,1,0,0,0,0,0,0,0,0,0,0
178,N3245200310003,Nov,2,Trap,Monongalia,4,Y,F,5.11,27.2517321,0,50.04365905,30.94746263,0,1,0,0,0,0,1,0,0,0,0,0,0,0,0,0
179,N3365200390014,Dec,2,Gun,Preston,4,Y,F,5.59,21.8556701,0.21,50.04365905,30.94746263,0,0,0,1,0,0,1,1,0,0,0,0,0,0,0,0
180,N3435200040004,Dec,2,Trap,Braxton,4,Y,F,4.57,15.15892421,0.21,50.04365905,30.94746263,0,1,0,0,0,1,0,0,0,0,0,0,0,0,0,0
181,N3465200390004,Dec,2,Trap,Preston,4,Y,F,6.39,27.03150912,0.21,50.04365905,30.94746263,0,1,0,0,0,0,0,0,0,0,1,0,0,0,0,0
182,N3495100170001,Dec,2,Trap,Harrison,4,Y,F,7.34,29.32098765,0.21,50.04365905,30.94746263,0,0,0,0,0,1,0,0,0,0,0,0,0,0,0,0
183,NOO15100430001,Jan,2,Trap,Ritchie,5,Y,F,6.4,37.05882353,17.52,44.34681158,43.70276218,0,1,0,1,1,0,0,0,0,0,0,1,0,0,0,0
184,NO345200110001,Feb,2,Trap,Gilmer,5,Y,F,4.84,10.38575668,7.02,44.34681158,43.70276218,0,1,0,1,0,0,1,0,0,0,0,0,0,0,0,0
185,NO535200430001,Feb,2,Trap,Ritchie,5,Y,F,5.11,20.72072072,7.02,44.34681158,43.70276218,0,1,0,0,0,1,0,0,1,0,0,0,0,0,0,0
186,N3125200070001,Nov,2,Trap,Calhoun,5,Y,F,4.99,16.8618267,0,44.34681158,43.70276218,0,1,0,0,0,0,1,1,0,0,0,0,0,0,0,0
187,N3155200260001,Nov,2,Trap,Marshall,5,Y,F,5.45,24.61873638,0,44.34681158,43.70276218,0,0,0,0,0,1,0,0,0,0,0,0,0,0,0,0
188,N3215200530002,Nov,2,Trap,Wirt,5,Y,F,3.18,16.00928074,0,44.34681158,43.70276218,0,1,0,0,0,1,1,0,0,0,0,0,0,0,0,0
189,N3265200260001,Nov,2,Trap,Marshall,5,Y,F,5.58,19.527897,0,44.34681158,43.70276218,0,1,0,0,0,0,0,1,1,1,0,0,0,0,0,0
190,N3425100090001,Dec,2,Trap,Doddridge,5,Y,F,5.53,44.11764706,0.19,44.34681158,43.70276218,0,1,0,0,0,1,0,0,0,0,0,0,0,0,0,0
191,N3445200260002,Dec,2,Trap,Marshall,5,Y,F,6.15,30.01383126,0.19,44.34681158,43.70276218,0,1,0,0,0,1,0,0,0,0,0,0,0,0,0,0
192,N3475200110001,Dec,2,Trap,Gilmer,5,Y,F,5.93,21.14285714,0.19,44.34681158,43.70276218,0,1,0,0,0,0,0,1,0,0,0,0,0,0,0,0
193,N3555200520001,Dec,2,Trap,Wetzel,5,Y,F,6.25,49.19137466,0.19,44.34681158,43.70276218,0,0,0,0,0,0,0,0,1,0,1,0,0,0,0,0
194,N3645200520006,Dec,2,Trap,Wetzel,5,Y,F,6.31,48.60724234,0.19,44.34681158,43.70276218,0,1,0,0,0,0,1,1,0,0,0,0,0,0,0,0
195,NOO45200220001,Jan,2,Trap,Lincoln,6,Y,F,4.77,28.42639594,13.24,65.43657562,55.33232327,0,1,0,0,0,0,0,0,0,0,1,0,0,0,0,0
196,NO355200440001,Feb,2,Trap,Roane,6,Y,F,6.14,14.62882096,4.62,65.43657562,55.33232327,0,1,0,0,0,1,0,0,0,0,0,0,0,0,0,0
197,N3135200220002,Nov,2,Trap,Lincoln,6,Y,F,4.86,16.99779249,0,65.43657562,55.33232327,0,1,0,1,0,0,1,0,0,0,0,0,0,0,0,0
198,N3345200400004,Nov,2,Gun,Putnam,6,Y,F,5.51,17.26457399,0,65.43657562,55.33232327,0,0,0,0,0,1,0,0,0,0,0,0,0,0,0,0
199,NO165200120001,Jan,2,Trap,Grant,1,A,F,5.14,22.89915966,26.19,38.17321593,36.23677448,0,1,0,0,0,0,1,0,0,0,0,0,0,0,0,0
200,NO435200120001,Feb,2,Trap,Grant,1,A,F,5.96,36.61740558,5.63,38.17321593,36.23677448,0,1,0,0,0,0,0,0,1,0,0,0,0,0,0,0
201,NO535200360002,Feb,2,Trap,Pendleton,1,A,F,4.45,31.16591928,5.63,38.17321593,36.23677448,0,1,0,1,0,0,0,0,0,0,0,1,0,0,0,0
202,N3455200360009,Dec,2,Trap,Grant,1,A,F,6.09,31.38211382,0.3,38.17321593,36.23677448,0,1,0,1,0,0,0,1,0,0,0,0,0,0,0,0
203,NO175200200003,Jan,2,Trap,Kanawha,3,A,F,5.39,19.48310139,23.36,44.89413575,34.81482903,0,1,0,0,0,0,0,0,0,0,0,0,0,0,0,1
204,NO185200200001,Jan,2,Trap,Kanawha,3,A,F,3.8,12.67605634,23.36,44.89413575,34.81482903,0,0,0,0,0,0,0,0,1,0,0,0,0,0,0,0
205,N3635200230001,Dec,2,Trap,Logan,3,A,F,4.87,44.36229205,0.25,44.89413575,34.81482903,0,1,1,1,0,0,0,0,0,0,0,0,0,0,0,0
206,NOO65200090001,Jan,2,Trap,Doddridge,5,A,F,6.64,45.26034713,17.52,44.34681158,43.70276218,0,1,0,0,0,0,0,0,1,0,0,0,0,0,0,0
207,NO425200110001,Feb,2,Trap,Gilmer,5,A,F,5.59,20.54545455,7.02,44.34681158,43.70276218,0,1,0,1,0,0,0,0,0,0,0,0,0,0,0,0
208,N3505200260003,Dec,2,Trap,Marshall,5,A,F,6.06,32.5613079,0.19,44.34681158,43.70276218,0,0,0,1,0,1,0,0,0,0,0,0,0,0,0,0
209,NO415100440001,Feb,2,Trap,Roane,6,A,F,5.61,40.69069069,4.62,65.43657562,55.33232327,0,1,0,0,0,0,1,0,0,0,0,0,0,0,0,0
210,NO195200380001,Jan,2,Trap,Pocahontas,2,A,F,6.69,42.85714286,49.9,46.332711,29.78031773,0,1,0,1,0,0,0,0,1,0,0,0,0,0,0,0
211,NO175200200001,Jan,2,Trap,Kanawha,3,A,F,6.85,40.1891253,23.36,44.89413575,34.81482903,0,1,0,0,1,0,0,1,0,0,0,0,0,0,0,0
212,NO225200030001,Jan,2,Trap,Boone,3,A,F,4.55,14.34878587,23.36,44.89413575,34.81482903,1,1,0,0,0,0,0,0,0,0,0,0,0,0,0,0
213,N3615200410001,Dec,2,Trap,Raleigh,3,A,F,4.32,19.09547739,0.25,44.89413575,34.81482903,0,1,0,0,1,0,0,0,0,0,0,0,0,0,0,0
214,NO455200210001,Feb,2,Trap,Lewis,4,A,F,6.11,20.40472175,7.51,50.04365905,30.94746263,0,1,0,0,0,1,0,1,1,0,0,0,0,0,0,0
215,NOO35200410001,Jan,2,Trap,Raleigh,3,A,F,4.94,46.75925926,23.36,44.89413575,34.81482903,0,1,0,0,0,0,0,0,1,0,0,0,0,0,0,0
216,NOO95200030001,Jan,2,Trap,Boone,3,A,F,4.41,25.33333333,23.36,44.89413575,34.81482903,0,1,0,0,0,0,1,0,0,0,0,0,0,0,0,0
217,NOO95200410001,Jan,2,Trap,Raleigh,3,A,F,5.14,29.98137803,23.36,44.89413575,34.81482903,0,1,0,0,0,0,0,1,0,0,0,0,0,0,0,0
218,NOO25200530001,Jan,2,Trap,Wirt,5,A,F,4.5,21.64179104,17.52,44.34681158,43.70276218,0,0,0,0,0,1,1,0,0,0,0,0,0,0,0,0
219,NO465200180001,Feb,2,Trap,Jackson,6,A,F,7.1,31.45478375,4.62,65.43657562,55.33232327,1,1,0,1,0,0,0,0,1,0,0,0,0,0,0,0
220,N3115200360002,Nov,2,Gun,Pendleton,1,A,F,6.3,20.12987013,0,38.17321593,36.23677448,0,0,0,0,0,1,0,0,0,0,0,0,0,0,0,0
221,NOO75200470001,Jan,2,Trap,Tucker,2,A,F,8.42,45.06104329,49.9,46.332711,29.78031773,0,1,0,1,0,0,1,0,0,0,0,0,0,0,0,0
222,NO585100410001,Feb,2,Trap,Raleigh,3,A,F,6.04,32.53424658,13.44,44.89413575,34.81482903,0,1,0,0,0,0,0,0,1,1,0,0,0,0,0,0
223,N3495200520003,Dec,2,Trap,Wetzel,5,A,F,6.26,49.64539007,0.19,44.34681158,43.70276218,0,1,0,1,0,0,0,0,0,0,0,0,0,0,0,0
224,NO515200100001,Feb,2,Trap,Fayette,3,A,F,6.71,23.71134021,13.44,44.89413575,34.81482903,1,0,0,0,0,1,0,0,0,0,0,0,0,0,0,0
225,N3385200220023,Dec,2,Trap,Lincoln,6,A,F,5.33,16.63157895,0.08,65.43657562,55.33232327,0,1,0,1,0,0,1,0,0,0,0,0,0,0,0,0
226,NO215100120001,Jan,2,Trap,Grant,1,A,F,5.88,34.78991597,26.19,38.17321593,36.23677448,0,0,0,0,0,0,0,1,0,0,0,0,0,0,0,0
227,N3465200220031,Dec,2,Trap,Lincoln,6,A,F,5.33,20.08995502,0.08,65.43657562,55.33232327,0,1,0,1,0,0,0,0,0,0,1,0,0,0,0,0
228,NO295100360001,Jan,2,Trap,Pendleton,1,J,M,5.21,39.05191874,26.19,38.17321593,36.23677448,0,1,0,0,0,0,0,0,1,0,0,0,0,0,0,0
229,N3555200360001,Dec,2,Trap,Pendleton,1,J,M,5.25,54.32473445,0.3,38.17321593,36.23677448,0,0,0,0,0,0,1,0,0,0,0,0,0,0,0,0
230,N3655200360006,Dec,2,Trap,Pendleton,1,J,M,4.96,28.03970223,0.3,38.17321593,36.23677448,0,1,0,0,0,0,1,0,0,0,0,0,0,0,0,0
231,NO115200420002,Jan,2,Trap,Randolph,2,J,M,5.22,46.95481336,49.9,46.332711,29.78031773,0,1,0,0,0,0,1,1,1,0,0,0,0,0,0,0
232,NO515200230001,Feb,2,Trap,Logan,3,J,M,3.6,29.45205479,13.44,44.89413575,34.81482903,0,1,0,0,0,0,1,0,0,0,0,0,0,0,0,0
233,N3645200040015,Dec,2,Trap,Braxton,4,J,M,3.73,48.5260771,0.21,50.04365905,30.94746263,0,1,0,1,0,0,0,1,0,0,0,0,0,0,0,0
234,NOO15100110001,Jan,2,Trap,Gilmer,5,J,M,5.41,33.17073171,17.52,44.34681158,43.70276218,0,0,0,1,0,0,0,1,0,0,0,0,0,0,0,0
235,NOO25200430001,Jan,2,Trap,Ritchie,5,J,M,6.28,36.38025594,17.52,44.34681158,43.70276218,0,1,0,0,0,0,0,0,0,1,0,0,0,0,0,0
236,NOO65200520001,Jan,2,Trap,Wetzel,5,J,M,2.39,28.11501597,17.52,44.34681158,43.70276218,0,0,1,1,0,0,0,0,0,0,0,0,0,0,0,0
237,NO585100430001,Feb,2,Trap,Ritchie,5,J,M,5.01,66.6015625,7.02,44.34681158,43.70276218,0,0,0,0,0,1,0,1,0,0,0,0,0,0,0,0
238,N3505100110001,Dec,2,Trap,Gilmer,5,J,M,5.08,41.33064516,0.19,44.34681158,43.70276218,0,0,1,0,0,1,0,0,0,0,0,0,0,0,0,0
239,N3505100260001,Dec,2,Trap,Marshall,5,J,M,3.36,24.54545455,0.19,44.34681158,43.70276218,0,1,0,1,0,1,0,0,0,0,0,0,0,0,0,0
240,N3585200430002,Dec,2,Trap,Ritchie,5,J,M,5.15,33.49875931,0.19,44.34681158,43.70276218,0,1,0,1,0,0,1,0,0,0,0,0,0,0,0,0
241,N3635200260012,Dec,2,Trap,Marshall,5,J,M,5.98,38.25622776,0.19,44.34681158,43.70276218,0,1,0,0,0,0,1,0,1,0,0,0,0,0,0,0
242,N3375100220002,Dec,2,Trap,Lincoln,6,J,M,4.63,29.37365011,0.08,65.43657562,55.33232327,0,1,1,0,0,0,0,1,0,0,0,0,0,0,0,0
243,N3535100220010,Dec,2,Trap,Lincoln,6,J,M,3.72,36,0.08,65.43657562,55.33232327,0,1,0,0,0,1,0,0,0,0,0,0,0,0,0,0
244,NO395100470001,Feb,2,Trap,Tucker,2,Y,M,9.09,27.40585774,33.47,46.332711,29.78031773,0,1,0,1,0,0,1,0,0,0,0,0,0,0,0,0
245,NO505100380001,Feb,2,Trap,Pocahontas,2,Y,M,9.92,33.49056604,33.47,46.332711,29.78031773,0,1,0,0,0,1,0,0,0,0,0,0,0,0,0,0
246,NOO85100340002,Jan,2,Trap,Nicholas,3,Y,M,8.93,37.5397667,23.36,44.89413575,34.81482903,0,1,0,0,0,1,1,0,0,0,0,0,0,0,0,0
247,NO145100200002,Jan,2,Trap,Kanawha,3,Y,M,8.86,38.43930636,23.36,44.89413575,34.81482903,1,1,0,0,0,0,0,0,1,0,0,0,0,0,0,0
248,NO495100100001,Feb,2,Trap,Fayette,3,Y,M,8.89,28.91414141,13.44,44.89413575,34.81482903,0,1,0,0,0,0,0,0,1,0,0,0,0,0,0,0
249,NO515100030002,Feb,2,Trap,Boone,3,Y,M,6.45,19.57446809,13.44,44.89413575,34.81482903,0,1,1,1,0,0,0,0,1,0,0,0,0,0,0,0
250,NO515100320001,Feb,2,Trap,Monroe,3,Y,M,8.49,27.64227642,13.44,44.89413575,34.81482903,0,1,0,1,0,0,1,1,0,0,0,0,0,0,0,0
251,NO535100100001,Feb,2,Trap,Fayette,3,Y,M,7.48,25.85969739,13.44,44.89413575,34.81482903,0,1,0,1,0,0,0,0,1,0,0,0,0,0,0,1
252,N3125200340005,Nov,2,Gun,Nicholas,3,Y,M,11.42,38.00773694,0.01,44.89413575,34.81482903,0,1,0,1,0,0,1,0,1,0,0,0,0,0,0,0
253,N3145100280015,Nov,2,Trap,Mercer,3,Y,M,8.24,26.30014859,0.01,44.89413575,34.81482903,0,1,0,0,0,0,0,0,0,1,0,0,0,0,0,0
254,N3225100230003,Nov,2,Gun,Logan,3,Y,M,5.53,26.4781491,0.01,44.89413575,34.81482903,1,0,0,0,0,0,0,0,1,1,1,0,0,0,0,0
255,N3535100340009,Dec,2,Trap,Nicholas,3,Y,M,8.25,19.95043371,0.25,44.89413575,34.81482903,0,1,0,0,0,0,0,1,1,1,0,0,0,0,0,0
256,NO325100250001,Feb,2,Trap,Marion,4,Y,M,11.53,25.16411379,7.51,50.04365905,30.94746263,0,1,0,1,0,0,1,0,0,0,0,0,0,0,0,0
257,NO485100250001,Feb,2,Trap,Marion,4,Y,M,10.14,16.47776809,7.51,50.04365905,30.94746263,0,1,0,1,0,0,1,0,0,0,0,0,0,0,0,0
258,N3505100390001,Dec,2,Trap,Preston,4,Y,M,8.02,33.98773006,0.21,50.04365905,30.94746263,0,1,0,0,0,0,1,0,0,0,0,0,0,0,0,0
259,N3555100390003,Dec,2,Trap,Preston,4,Y,M,10.14,35.5704698,0.21,50.04365905,30.94746263,0,1,0,0,0,0,1,0,1,0,0,0,0,0,0,0
260,NO575100520002,Feb,2,Trap,Wetzel,5,Y,M,8.35,34.7826087,7.02,44.34681158,43.70276218,0,0,0,0,0,0,0,1,0,1,1,0,0,0,0,0
261,NO575200430001,Feb,2,Trap,Ritchie,5,Y,M,9.64,37.48691099,7.02,44.34681158,43.70276218,0,1,0,0,0,0,0,0,0,0,1,0,0,0,0,0
262,NOO45100400001,Jan,2,Trap,Putnam,6,Y,M,8.53,34.97983871,13.24,65.43657562,55.33232327,0,1,0,1,0,0,0,0,0,0,0,0,0,0,0,0
263,NO175100220001,Jan,2,Trap,Lincoln,6,Y,M,8.39,34.12162162,13.24,65.43657562,55.33232327,0,1,1,0,0,0,0,1,0,0,0,0,0,0,0,0
264,NO185100180001,Jan,2,Trap,Jackson,6,Y,M,10.46,28.05429864,13.24,65.43657562,55.33232327,0,1,0,1,0,0,0,0,0,0,0,0,0,0,0,0
265,NO555100220002,Feb,2,Trap,Lincoln,6,Y,M,6.15,43.80952381,4.62,65.43657562,55.33232327,0,1,0,0,0,0,0,1,1,1,1,0,0,0,0,0
266,N3185100270042,Nov,2,Trap,Mason,6,Y,M,7.25,14.19656786,0,65.43657562,55.33232327,0,1,0,0,0,0,0,1,0,0,0,0,0,0,0,0
267,N3565100220002,Dec,2,Trap,Lincoln,6,Y,M,7.86,12.46943765,0.08,65.43657562,55.33232327,0,0,0,1,0,1,0,0,0,0,0,0,0,0,0,0
268,Suzanne Smith,Sep,2,Trap,Wayne,6,Y,M,6.15,25,NA,65.43657562,55.33232327,0,1,0,1,0,0,0,1,0,0,0,0,0,0,0,0
269,NOO65100160001,Jan,2,Trap,Hardy,1,A,M,7.68,33.23727185,26.19,38.17321593,36.23677448,0,1,1,1,0,0,0,0,0,0,0,0,0,0,0,0
270,NO205100380001,Jan,2,Trap,Pocahontas,2,A,M,9.59,37.67985612,49.9,46.332711,29.78031773,0,1,0,1,0,0,0,0,0,0,0,0,0,0,0,0
271,NO395100510001,Feb,2,Trap,Webster,2,A,M,7.53,38.08975834,33.47,46.332711,29.78031773,0,1,0,0,0,1,0,0,0,0,0,0,0,0,0,0
272,N3145100130005,Nov,2,Trap,Greenbrier,2,A,M,9.52,25.43786489,0.09,46.332711,29.78031773,0,1,0,1,0,0,0,0,1,0,0,0,0,0,0,0
273,NOO25200340002,Jan,2,Trap,Nicholas,3,A,M,9.14,28.21670429,23.36,44.89413575,34.81482903,0,1,0,1,0,0,0,0,0,0,0,0,0,0,0,0
274,NOO75200410001,Jan,2,Trap,Raleigh,3,A,M,6.34,37.64705882,23.36,44.89413575,34.81482903,1,1,0,0,0,0,1,1,0,0,0,0,0,0,0,0
275,NO395200230001,Feb,2,Trap,Logan,3,A,M,6.81,30.76923077,13.44,44.89413575,34.81482903,0,1,0,1,0,0,0,0,0,0,0,0,0,0,0,0
276,NO415100100001,Feb,2,Trap,Fayette,3,A,M,8.36,24.51108214,13.44,44.89413575,34.81482903,1,1,0,0,1,0,1,0,0,0,0,0,0,0,0,0
277,NO395100040001,Feb,2,Trap,Braxton,4,A,M,10.36,36.5658363,7.51,50.04365905,30.94746263,0,1,0,1,0,0,0,0,0,0,0,0,0,0,0,0
278,NO405100010001,Feb,2,Trap,Barbour,4,A,M,8.54,35.24492234,7.51,50.04365905,30.94746263,0,0,0,1,0,1,0,0,0,0,0,0,0,0,0,0
279,N3495100040001,Dec,2,Trap,Braxton,4,A,M,8,31.9025522,0.21,50.04365905,30.94746263,0,0,0,1,0,0,0,0,0,0,0,0,0,0,0,0
280,NOO25100430001,Jan,2,Trap,Ritchie,5,A,M,9.86,37.28191001,17.52,44.34681158,43.70276218,1,1,0,0,0,1,0,0,0,0,0,0,0,0,0,0
281,NOO85200090001,Jan,2,Trap,Doddridge,5,A,M,7.12,49.82537835,17.52,44.34681158,43.70276218,0,1,0,0,0,1,0,0,0,1,0,0,0,0,0,0
282,N3555100520003,Dec,2,Trap,Wetzel,5,A,M,8.89,30.36144578,0.19,44.34681158,43.70276218,0,1,0,0,0,0,0,0,1,0,0,0,0,0,0,0
283,NO555100220001,Feb,2,Trap,Lincoln,6,A,M,7.23,18.65136298,4.62,65.43657562,55.33232327,0,1,0,1,0,0,0,0,0,0,0,0,0,0,0,0
284,N3185100270043,Nov,2,Trap,Mason,6,A,M,10.31,19.65725806,0,65.43657562,55.33232327,0,1,1,0,0,0,0,0,1,0,0,0,0,0,0,0
285,NO445100140001,Feb,2,Trap,Hampshire,1,A,M,9.65,36.38025594,5.63,38.17321593,36.23677448,0,0,0,1,0,1,0,0,0,0,0,0,0,0,0,0
286,NOO65100200002,Jan,2,Trap,Kanawha,3,A,M,5.66,20,23.36,44.89413575,34.81482903,0,1,0,0,0,0,1,0,0,0,0,0,0,0,0,0
287,NOO75200200002,Jan,2,Trap,Kanawha,3,A,M,5.13,15.63981043,23.36,44.89413575,34.81482903,0,1,0,1,0,0,0,0,0,0,0,0,0,0,0,0
288,N3135100390045,Nov,2,Trap,Preston,4,A,M,9.09,33.45070423,0,50.04365905,30.94746263,1,1,0,1,0,0,0,0,0,0,0,0,0,0,0,0
289,NO425100110001,Feb,2,Trap,Gilmer,5,A,M,9.74,19.93087558,7.02,44.34681158,43.70276218,0,1,0,1,0,0,0,0,0,0,0,0,0,0,0,0
290,N3445100520003,Dec,2,Trap,Wetzel,5,A,M,12.17,29.82954545,0.19,44.34681158,43.70276218,0,1,0,0,0,1,0,0,0,0,0,0,0,0,0,0
291,N3505100430001,Dec,2,Trap,Ritchie,5,A,M,10.38,27.09163347,0.19,44.34681158,43.70276218,0,1,1,1,0,0,0,0,0,0,0,0,0,0,0,0
292,NO405200450001,Feb,2,Trap,Summers,3,A,M,9.54,44.42446043,13.44,44.89413575,34.81482903,0,0,0,0,0,1,0,0,1,1,0,0,0,0,0,0
293,NO565100410001,Feb,2,Trap,Raleigh,3,A,M,7.2,21.11801242,13.44,44.89413575,34.81482903,0,0,0,1,0,0,1,0,0,0,0,0,0,0,0,0
294,NO225100250001,Jan,2,Trap,Marion,4,A,M,9.87,35.36693192,20.32,50.04365905,30.94746263,0,1,0,1,0,0,1,0,0,0,0,0,0,0,0,0
295,NOO75100200001,Jan,2,Trap,Kanawha,3,A,M,9.83,46.4957265,23.36,44.89413575,34.81482903,0,0,0,0,0,0,0,0,1,0,0,0,0,0,0,1
296,NO205100030001,Jan,2,Gun,Boone,3,A,M,8.09,45.82132565,23.36,44.89413575,34.81482903,0,1,0,0,0,0,1,0,0,0,0,0,0,0,0,0
297,N3215100100009,Nov,2,Trap,Fayette,3,A,M,9.73,38.34296724,0.01,44.89413575,34.81482903,0,1,0,1,0,0,1,0,0,0,0,0,0,0,0,0
298,N3505200410001,Dec,2,Trap,Raleigh,3,A,M,7.88,43.83394383,0.25,44.89413575,34.81482903,0,1,0,0,0,1,0,1,1,0,0,0,0,0,0,0
299,NO125100420001,Jan,2,Trap,Randolph,2,A,M,9.29,30.34547152,49.9,46.332711,29.78031773,0,1,1,1,0,0,0,0,0,0,0,0,0,0,0,0
300,NOO55100090001,Jan,2,Trap,Doddridge,5,A,M,12.25,44.18316832,17.52,44.34681158,43.70276218,0,1,0,0,0,0,1,1,0,0,0,0,0,0,0,0
